qingdao jinshan we holiday apartment qingdao shandong china
orange hotel sungai buloh kuala lumpur selangor malaysia
orange hotel sri petaling kuala lumpur kuala lumpur malaysia
villa alu 4 bali bali indonesia
sc home gurney tanjong tokong penang pulau pinang malaysia
mr kinjo violette okinawa okinawa japan
atour xian jiefang road branch xian shaanxi china
grand hyatt lijiang mountain lodge lijiang yunnan china
mori residence malacca melaka malaysia
hotel chateau de france yilan yilan taiwan
guest house misaki kominka house osaka osaka japan
ngan hang hotel vung tau ba ria vung tau vietnam
dee marc hostel chiang mai chiang mai thailand
four points by sheraton cincinnati north olde west chester oh ohio united states
delight hotel mui ne phan thiet binh thuan vietnam
backpackers eurohostel samui surat thani thailand
apsara palace resort and conference center siem reap siem reap cambodia
hotel shivam and restaurant jodhpur rajasthan india
noels guest house seoul seoul special city south korea
busan beach hotel busan busan city south korea
osaka night private apartment shinosaka osaka osaka japan
new hotel 3 hanoi hanoi ha noi vietnam
hanting hotel hangzhou wulin road center branch hangzhou zhejiang china
hanting hotel beijing dashanzi 798 branch beijing beijing china
guest house misaki tannowa house osaka osaka japan
satorikan niigata niigata japan
casa catherine brauns villa ballito kwazulu natal south africa
p motel kangar perlis malaysia
wanda realm fuyang fuyang anhui china
the mist home stay matale kandy sri lanka
maxone hotels at pemuda jakarta jakarta dki jakarta indonesia
piyatud apartment chonburi chon buri thailand
bellevue cottages puerto galera mindoro oriental philippines
greentree inn chengdu north railway station beichengtianjie business hotel chengdu sichuan china
me suk grand hotel nakhon si thammarat nakhon si thammarat thailand
lee nova hotel bangkok bangkok thailand
chicroom phuket town hotel phuket phuket thailand
zhotels hotel shanghai people square branch shanghai shanghai china
greentree inn yunnan lijiang qixing street express hotel lijiang yunnan china
condo units pico de loro hamilo coast batangas batangas philippines
mavens house new delhi and ncr delhi national territory india
the westin resort costa navarino costa navarino messinia greece
chengdu cloudatlas hostel chengdu sichuan china
amaris simpang lima semarang central java indonesia
getfam hotel addis ababa addis ababa ethiopia
metro city hotel colombo colombo sri lanka
hotel inder inn jodhpur rajasthan india
hotel le mireille paris ile de france france
kensington one apartments london london england united kingdom
thaimond residence by tropiclook phuket phuket thailand
bramhagiri resorts nasik maharashtra india
haus guesthouse seoul seoul special city south korea
kaitaia motor lodge victoria valley northland new zealand
adu bed and breakfast nantou nantou taiwan
vaperse hotel guangzhou guangzhou guangdong china
hotel gracery naha okinawa okinawa japan
hotel santika premiere hayam wuruk jakarta jakarta dki jakarta indonesia
utopia motel suwon si gyeonggi south korea
raintree residence khao yai saraburi thailand
d metro hotel shah alam selangor malaysia
emily hotel da nang da nang vietnam
dream lodge singapore singapore singapore
shwe htee hotel yangon yangon myanmar
gopal guest house jodhpur rajasthan india
maka launa mont kiara kuala lumpur kuala lumpur malaysia
hotel toka okinawa okinawa japan
amaris hotel citra raya tangerang tangerang banten indonesia
hotel aastha palace haridwar uttarakhand india
toran resort khavda gujarat india
aries biru resort puncak west java indonesia
aquarius orange resort puncak west java indonesia
hotel jaishree palace bhopal madhya pradesh india
mango tree inn bali bali indonesia
acqua pulita kyoto kyoto japan
gangula villa kandy kandy kandy sri lanka
hotel sakura saga saga japan
ramedo hotel makassar makassar south sulawesi indonesia
audah guesthouse syariah jakarta dki jakarta indonesia
hotel son xotano majorca balearic islands spain
greentree inn karamay youjian road branch karamay xinjiang china
maui home stay hualien hualien taiwan
kouyurou ikawa ryokan shizuoka shizuoka japan
hotel de maya kobe hyogo japan
sri sentosa chalet tioman island pahang malaysia
cantavil premier serviced apartment ho chi minh city ho chi minh vietnam
guangzhou heng chao holiday inn hotel guangzhou guangdong china
baan buaa 3 bedroom beachside villa samui surat thani thailand
dormy inn higashi muroran natural hot spring muroran hokkaido japan
hotel samarpan nesh inn patna bihar india
shakun hotels and resort pure vegetarian hotel jaipur rajasthan india
lavande hotel guangzhou shi pai qiao metro station guangzhou guangdong chinaal mandoos hotel sohar al b inah oman
hotel vijay intercontinental kanpur uttar pradesh india
the fern residency hotel somnath gujarat india
webersburg wine estate stellenbosch western cape south africa
baan thew lom by nidarat hua hin cha am prachuap khiri khan thailand
hof apts the heights at athena court maidenhead south east england united kingdom
abirami residency palani tamil nadu india
halong bay party hostel halong quang ninh vietnam
kangs duplex at seoul station seoul seoul special city south korea
gwanghwamun apartments seoul seoul special city south korea
apm guest house seoul seoul special city south korea
resort relax fiji nadi western fiji
lalljee mansion mauritius island mauritius island mauritius
ramada jeju hamdeok hotel jeju island jeju south korea
family central cozy apartment 14 2 tokyo tokyo japan
toba ohamaso hotel mie mie japan
incheon airport happy place guesthouse incheon incheon city south korea
sleep taipei hostel taipei taipei city taiwan
villa avani bali bali indonesia
monkey tops river lodge kota kinabalu sabah malaysia
pyrmont furnished apartments 191 harris street apt 2 sydney new south wales australia
pyrmont furnished apartments 191 harris street apt 1 sydney new south wales australia
hotel vala yogyakarta yogyakarta d i yogyakarta indonesia
tuk tuk timbul bungalows samosir north sumatera indonesia
ho yun guest house hualien hualien taiwan
somsanith guesthouse ban nachalit savannahkh t laos
ryokan otani sanso yamaguchi yamaguchi japan
chalong residence grand suite by byg phuket phuket thailand
dasoda mini motel gyeongju si gyeongsangbuk south korea
villa puncak garuda malang east java indonesia
swara homestay 2 bali bali indonesia
the proud exclusive hotel nakhon pathom nakhon pathom thailand
suntec hotel johor bahru johor malaysia
suarti boutique village bali bali indonesia
kb pension gyeongju si gyeongsangbuk south korea
summer style homes garden kota kinabalu sabah malaysia
shelly residency vadodara gujarat india
he ti hotel taichung taichung city taiwan
phuingfah chiang mai chiang mai thailand
khan hotel seoul seoul special city south korea
hotel the one jeju island jeju south korea
shim hotel seoul seoul special city south korea
foghills cottage manali manali himachal pradesh india
hotel the designers lyj gangnam premier seoul seoul special city south korea
aultmore hollow bed and breakfast taupo waikato new zealand
hans house seoul seoul special city south korea
hotel wood castle grand new delhi and ncr delhi national territory india
hanting hotel qingdao olympic sailboats center branch qingdao shandong china
jiwoljang guest house seoul seoul special city south korea
nobleden hotel new york ny new york united states
personal hotel you saga saga japan
yamanokami onsen nagano nagano japan
hotel grand hoyo saga saga japan
wanda vista hohhot hohhot inner mongolia china
tanya baan bon doi chiang rai chiang rai thailand
aparthotel aarau west swiss quality aarau aargau switzerland
maesai orchid hotel mae sai chiang rai chiang rai thailand
greentree inn zhejiang hangzhou canal square express hotel hangzhou zhejiang china
home inn executive residence jakarta dki jakarta indonesia
phongpipat lanta mansion koh lanta krabi thailand
the happiness home the scott garden kuala lumpur kuala lumpur malaysia
seikan sansoh tranquil mountainside villa kyoto kyoto japan
rattanaphongphasouk hotel savannakhet savannahkh t laos
the town and country motel gold coast queensland australia
yes yellow hostel tainan tainan city taiwan
the sathon vimanda hotel bangkok bangkok thailand
viola villa bali bali bali indonesia
ridgemor villa bed and breakfast cape town western cape south africa
carme residence istanbul istanbul turkey
greatsun hotel shenzhen guangdong china
clove garden hotel and residence bandung west java indonesia
chengdu traffic hostel chengdu sichuan china
paris champs apartment taichung taichung city taiwan
villa tea fields nuwara eliya nuwara eliya sri lanka
mpai bay cottages koh rong sanloem sihanoukville cambodia
alila solo solo surakarta central java indonesia
hengchun art hostel kenting pingtung taiwan
the capital on bath johannesburg gauteng south africa
peniel residency kochi kerala india
pams residency mayiladuthurai tamil nadu india
grand kakinada by grt hotels kakinada andhra pradesh india
the loft istanbul istanbul istanbul turkey
little rose residence rome rome lazio italy
lotus bnb hualien hualien taiwan
muong hoa homestay sapa lao cai vietnam
campo de fiori superb 1 bedroom apartment rome lazio italy
terrace sistina 3 bedroom apartment rome lazio italy
campo de fiori bright 4 bedroom apartment rome lazio italy
spanish steps luxury 4 bedroom apartment rome lazio italy
affreschi 3 bedroom apartment rome lazio italy
francesco crispi 1 bedroom apartment rome lazio italy
la corte di villa carpegna 3 bedroom apartment rome lazio italy
holiday house tour 3 bedroom prunay en yvelines ile de france france
lagrange city les rives de seine 1 bedroom apartment iii paris ile de france france
lagrange city les rives de seine 1 bedroom apartment ii paris ile de france france
lagrange city les rives de seine 1 bedroom apartment i paris ile de france france
rue de miromesnil 2 bedroom apartment iii paris ile de france france
rue de miromesnil 1 bedroom apartment ii paris ile de france france
rue de miromesnil 1 bedroom apartment i paris ile de france france
le marais 2 bedroom apartment paris ile de france france
le marais 1 bedroom apartment paris ile de france france
apartment rue de stockholm paris 8 ii paris ile de france france
apartment rue de stockholm paris 8 i paris ile de france france
eixdretroger de lluria valencia 5 bedroom apartment barcelona catalonia spain
centro plaza cataluna paseo de gracia 2 bedroom apartment barcelona catalonia spain
centro passatge rellotge 3 bedroom apartment barcelona catalonia spain
sheringham 1 bedroom apartment london london england united kingdom
chiltern 1 bedroom apartment ii london london england united kingdom
chiltern 1 bedroom apartment i london london england united kingdom
peldon 1 bedroom apartment london london england united kingdom
rambla de catalunya 9 bedroom apartment barcelona catalonia spain
rambla de catalunya 6 bedroom apartment barcelona catalonia spain
cornwall gardens 3 bedroom apartment london london england united kingdom
vicarage gardens 1 bedroom apartment i london london england united kingdom
queens gate 1 bedroom apartment london london england united kingdom
the colonnades 2 bedroom apartment london london england united kingdom
export house 3 bedroom apartment london london england united kingdom
emu 2 bedroom holiday home london london england united kingdom
battersea park 1 bedroom apartment london london england united kingdom
regents plaza 3 bedroom apartment london london england united kingdom
st marks 2 bedroom apartment 9 london london england united kingdom
st marks 2 bedroom apartment 8 london london england united kingdom
st marks 2 bedroom apartment 7 london london england united kingdom
st marks 1 bedroom apartment 6 london london england united kingdom
st marks 2 bedroom apartment 5 london london england united kingdom
st marks 2 bedroom apartment 4 london london england united kingdom
st marks 2 bedroom apartment 3 london london england united kingdom
st marks 1 bedroom apartment 2 london london england united kingdom
st marks 1 bedroom apartment 1 london london england united kingdom
barbican 1 bedroom apartment 8 london london england united kingdom
barbican 1 bedroom apartment 7 london london england united kingdom
barbican 1 bedroom apartment 6 london london england united kingdom
barbican 1 bedroom apartment 5 london london england united kingdom
barbican 1 bedroom apartment 4 london london england united kingdom
barbican 1 bedroom apartment 3 london london england united kingdom
barbican 1 bedroom apartment 2 london london england united kingdom
barbican 1 bedroom apartment 1 london london england united kingdom
carlton mansions 1 bedroom apartment iii london london england united kingdom
carlton mansions 1 bedroom apartment ii london london england united kingdom
carlton mansions 1 bedroom apartment i london london england united kingdom
sloane avenue 1 bedroom apartment iii london london england united kingdom
sloane avenue 1 bedroom apartment ii london london england united kingdom
sloane avenue 1 bedroom apartment i london london england united kingdom
west house 1 bedroom apartment london london england united kingdom
draycott 2 bedroom apartment 7 london london england united kingdom
draycott 2 bedroom apartment 6 london london england united kingdom
draycott 1 bedroom apartment 5 london london england united kingdom
draycott 1 bedroom apartment 4 london london england united kingdom
draycott 1 bedroom apartment 3 london london england united kingdom
draycott 1 bedroom apartment 2 london london england united kingdom
draycott 1 bedroom apartment 1 london london england united kingdom
portobello 1 bedroom apartment london london england united kingdom
small boulevard 2 bedroom apartment budapest budapest hungary
sants montjuic poble sec teodoro bonaplata 1 bedroom apartment barcelona catalonia spain
vila olimpica anvers 3 bedroom holiday home barcelona catalonia spain
vila olimpica 1 bedroom apartment barcelona catalonia spain
eixample dret sagrada familia spirit 4 bedroom apartment barcelona catalonia spain
eixample dret sagrada familia lepant 3 bedroom apartment ii barcelona catalonia spain
eixample dret sagrada familia lepant 3 bedroom apartment i barcelona catalonia spain
placa catalunya rdauniversidad 3 bedroom apartment barcelona catalonia spain
eixample esquerre josep tarradellas corsega 3 bedroom apartment barcelona catalonia spain
eixample esquerre entenca av roma iii 3 bedroom apartment barcelona catalonia spain
eixample esquerre entenca av roma ii 2 bedroom apartment barcelona catalonia spain
eixample esquerre entenca av roma i 1 bedroom apartment barcelona catalonia spain
eixample dret consell de cent girona 3 bedroom apartment barcelona catalonia spain
spring hill central apartments brisbane brisbane queensland australia
staycation at sea residences manila metro manila philippines
the cozy villas lembongan bali bali indonesia
family friendly apartment 7 tokyo tokyo japan
mizu no sato marukyu ryokan shizuoka shizuoka japan
noosa apartments 1 56 ferguson street sunshine coast queensland australia
noosa apartments 1 61 noosa parade sunshine coast queensland australia
noosa apartments 1 alderly sunshine coast queensland australia
noosa apartments 1 allambi sunshine coast queensland australia
noosa apartments 1 hale lani sunshine coast queensland australia
noosa apartments 1 tenalga sunshine coast queensland australia
noosa apartments 10 alderly sunshine coast queensland australia
noosa apartments 10 noosa shores sunshine coast queensland australia
noosa apartments 103 noosa parade sunshine coast queensland australia
noosa apartments 11 alderly sunshine coast queensland australia
noosa apartments 11 allambi rise apartment sunshine coast queensland australia
noosa apartments 11 allambi rise apartment a sunshine coast queensland australia
noosa apartments 11 allambi rise apartment b sunshine coast queensland australia
noosa apartments 11 allambi rise apartment c sunshine coast queensland australia
noosa apartments 11 key court sunshine coast queensland australia
noosa apartments 11 wesley court sunshine coast queensland australia
noosa apartments 110 the french quarter sunshine coast queensland australia
noosa apartments 116 the french quarter sunshine coast queensland australia
noosa apartments 12 mitti street sunshine coast queensland australia
noosa apartments 12 noosa haven sunshine coast queensland australia
noosa apartments 14 edgar bennett avenue sunshine coast queensland australia
noosa apartments 14 little cove road sunshine coast queensland australia
noosa apartments 14 ravenwood drive sunshine coast queensland australia
noosa apartments 14 witta circle sunshine coast queensland australia
noosa apartments 14a little cove road sunshine coast queensland australia
noosa apartments 15 banksia ave sunshine coast queensland australia
noosa apartments 15 ravenwood drive sunshine coast queensland australia
noosa apartments 15 witta circle sunshine coast queensland australia
noosa apartments 16 key court sunshine coast queensland australia
noosa apartments 180 sunrise road sunshine coast queensland australia
noosa apartments 19 the esplanade sunshine coast queensland australia
noosa apartments 19 witta circle sunshine coast queensland australia
noosa apartments 2 40 alderly terrace sunshine coast queensland australia
noosa apartments 2 56 ferguson street sunshine coast queensland australia
noosa apartments 2 9 hilton esplanade sunshine coast queensland australia
noosa apartments 2 alderly sunshine coast queensland australia
noosa apartments 2 allambi sunshine coast queensland australia
noosa apartments 2 bayona sunshine coast queensland australia
noosa apartments 2 benwerrin sunshine coast queensland australia
noosa apartments 2 kareka sunshine coast queensland australia
noosa apartments 2 linea sunshine coast queensland australia
noosa apartments 2 noosa dua sunshine coast queensland australia
noosa apartments 2 portofino sunshine coast queensland australia
noosa apartments 2 soundhaven sunshine coast queensland australia
noosa apartments 20 little cove road sunshine coast queensland australia
noosa apartments 20 noosa parade sunshine coast queensland australia
noosa apartments 22 noosa parade sunshine coast queensland australia
noosa apartments 236 the french quarter sunshine coast queensland australia
noosa apartments 24 cooran court sunshine coast queensland australia
noosa apartments 25 witta circle sunshine coast queensland australia
noosa apartments 26 witta circle sunshine coast queensland australia
noosa apartments 27 katharina street sunshine coast queensland australia
noosa apartments 27 noosa hill resort sunshine coast queensland australia
noosa apartments 29 edgar bennett avenue sunshine coast queensland australia
noosa apartments 3 bahai lindo sunshine coast queensland australia
noosa apartments 3 belle de jour sunshine coast queensland australia
noosa apartments 3 benwerrin sunshine coast queensland australia
noosa apartments 3 kiamba court sunshine coast queensland australia
noosa apartments 3 soundhaven sunshine coast queensland australia
noosa apartments 3 the breakers sunshine coast queensland australia
noosa apartments 30 noosa shores sunshine coast queensland australia
noosa apartments 31 witta circle sunshine coast queensland australia
noosa apartments 33 the promontory sunshine coast queensland australia
noosa apartments 4 alderly sunshine coast queensland australia
noosa apartments 4 bayona sunshine coast queensland australia
noosa apartments 4 naousa sunshine coast queensland australia
noosa apartments 4 park court sunshine coast queensland australia
noosa apartments 4 soundhaven sunshine coast queensland australia
noosa apartments 12 fairshore sunshine coast queensland australia
noosa apartments 15 fairshore sunshine coast queensland australia
noosa apartments 22 fairshore sunshine coast queensland australia
noosa apartments 28 fairshore brisbane queensland australia
noosa apartments 29 fairshore sunshine coast queensland australia
noosa apartments 38 fairshore sunshine coast queensland australia
noosa apartments 40 fairshore sunshine coast queensland australia
noosa apartments 41 fairshore sunshine coast queensland australia
noosa apartments 4 tea trees sunshine coast queensland australia
noosa apartments 41 wyuna drive sunshine coast queensland australia
noosa apartments 43 wyuna drive sunshine coast queensland australia
noosa apartments 44 noosa parade sunshine coast queensland australia
noosa apartments 45 park edge road sunshine coast queensland australia
noosa apartments 45 wyuna drive sunshine coast queensland australia
noosa apartments 49 witta circle sunshine coast queensland australia
noosa apartments 5 2 hastings street sunshine coast queensland australia
noosa apartments 5 belle de jour sunshine coast queensland australia
noosa apartments 5 key court sunshine coast queensland australia
noosa apartments 5 naousa sunshine coast queensland australia
noosa apartments 231 laguna on hastings sunshine coast queensland australia
noosa apartments 432 laguna on hastings sunshine coast queensland australia
noosa apartments 5 the breakers sunshine coast queensland australia
noosa apartments 59 the peninsula sunshine coast queensland australia
noosa apartments 6 alderly sunshine coast queensland australia
noosa apartments 6 driftwood sunshine coast queensland australia
noosa apartments 6 hastings park sunshine coast queensland australia
noosa apartments 6 headlands sunshine coast queensland australia
noosa apartments 6 tea trees sunshine coast queensland australia
noosa apartments 6 witta circle sunshine coast queensland australia
noosa apartments 64 noosa parade sunshine coast queensland australia
noosa apartments 7 bayona sunshine coast queensland australia
noosa apartments 7 dolphin crescent sunshine coast queensland australia
noosa apartments 7 hastings park sunshine coast queensland australia
noosa apartments 7 key court sunshine coast queensland australia
noosa apartments 7 naousa sunshine coast queensland australia
noosa apartments 7 portofino sunshine coast queensland australia
noosa apartments 7 tea trees sunshine coast queensland australia
noosa apartments 78 noosa parade sunshine coast queensland australia
noosa apartments 8 alderly sunshine coast queensland australia
noosa apartments 8 bayona sunshine coast queensland australia
noosa apartments 9 cooran court sunshine coast queensland australia
noosa apartments 9 little cove court sunshine coast queensland australia
noosa apartments 9 tea trees sunshine coast queensland australia
noosa apartments unit 3 first point sunshine coast queensland australia
sea princess hotel penang pulau pinang malaysia
pingsa hotel penang pulau pinang malaysia
admiral hotel geoje si gyeongsangnam south korea
hotel livemax mihara ekimae hiroshima hiroshima japan
excel 1 private apartment osaka osaka japan
castle 2 private apartment osaka osaka japan
swiss inn johor bahru johor bahru johor malaysia
tri bagus villa bali bali indonesia
lol league of legends tianjin tianjin china
excel 3 private apartment osaka osaka japan
swiss belinn karawang karawang west java indonesia
huahin beach luxury condominium hua hin cha am prachuap khiri khan thailand
sri kandi inn by gamma hospitality bali bali indonesia
7 days premium shenzhen nanshan centre branch shenzhen guangdong china
the pak d hua hin hua hin cha am prachuap khiri khan thailand
dpulze suite kuala lumpur selangor malaysia
va a i te moana rangiroa tuamotu gambier french polynesia
pp university puncak west java indonesiatok little hut koh samet rayong thailand
the touch green naiyang phuket phuket thailand
the wings boutique hotel koh lanta krabi thailand
hotel sarovar jaisalmer rajasthan india
phangan barsay hostel koh phangan surat thani thailand
takeo century hotel saga saga japan
b b apartment phuket phuket phuket thailand
rocktop inn and cafe manali himachal pradesh india
time travelers party hostel in hongdae seoul seoul special city south korea
monte divino lodge taunggyi shan myanmar
ryokan tanakaya yamanashi yamanashi japan
j b hut bungalows koh phangan surat thani thailand
changu beach resort zanzibar zanzibar central south tanzania
hotel foreheal seoul seoul special city south korea
hotel santika banyuwangi banyuwangi east java indonesia
sheraton harbin xiangfang hotel harbin heilongjiang china
city heights apartments at toyonaka osaka osaka japan
yichang tujia sweetome serviced apartment bin jiang yi hao yichang hubei china
madawa rest sigiriya matale sri lanka
famiana green villa phu quoc island kien giang vietnam
maikhao beach bungalows phuket phuket thailand
serenite umedakita premium osaka osaka japan
miyakonojo royal hotel miyazaki miyazaki japan
damires hills tierra verde iloilo iloilo philippines
laguna redang island resort redang island terengganu malaysia
renaissance lucknow hotel lucknow uttar pradesh india
hills garden hotel san bernardino san bernardino ca california united states
klong muang sunset hotel krabi krabi thailand
sougetsu yufu oita japan
arnalaya beach house an elite haven bali bali indonesia
r1 boutique service apartment chiang mai chiang mai thailand
hanting hotel shanghai jiangning road new branch shanghai shanghai china
hanting hotel shanghai pudong international airport haibin road branch shanghai shanghai china
the westin key west resort and marina hotel key west fl florida united states
victoria hotel minden minden north rhine westphalia germany
saikanoyado tatami ishikawa ishikawa japan
hotel desert jaisalmer rajasthan india
vedanta wake up lake kodaikanal tamil nadu india
kalki resort goa goa india
hotel shri govind shirdi maharashtra india
wooden bed and breakfasts taitung taitung taiwan
the bloom residence at suvarnabhumi bangkok bangkok thailand
holiday lodge los angeles ca california united states
bridgehouse johannesburg gauteng south africa
guesthouse enn nipponbashi osaka osaka japan
mami in homestay bali bali indonesia
platinum bay hotel phnom penh phnom p nh cambodia
griya rattu kost n guesthouse semarang central java indonesia
arisu gyeongju hotel gyeongju si gyeongsangbuk south korea
villa chom tawan layan beach phuket phuket thailand
villa incognito kyoto kyoto japan
dewa put guest house bali bali indonesia
staylite park bed and breakfast bohol bohol philippines
sleep with love hotel pattaya chon buri thailand
miles outback motel miles queensland australia
m empire motel miri sarawak malaysia
lembongan reef bungalow bali bali indonesia
shinsaibashi cozy house osaka osaka japan
whare kea lodge wanaka otago new zealand
hotel philstay itaewon seoul seoul special city south korea
shukubo kakurinbo yamanashi yamanashi japan
tripgg hostel kaohsiung kaohsiung city taiwan
kookaburra lodge whitsundays whitsunday islands queensland australia
ibis styles haydock haydock north west england united kingdom
the corner hotel alexandra victoria australia
ibis styles barnsley barnsley isle of man united kingdom
hanoi 3b homestay hanoi ha noi vietnam
dream phuket hotel and spa phuket phuket thailand
pension green river shizuoka shizuoka japan
holiday inn express suites evansville north evansville in united states
crowne plaza macau macau macau
holiday inn express suites st john s airport st john s nl canada
holiday inn express suites toledo south perrysburg perrysburg oh united states
jannah residency munnar kerala india
58 hot spring hotel yilan yilan taiwan
zhengxing backpack tainan tainan city taiwan
saigon hanoi hotel ho chi minh city ho chi minh vietnam
u hatyai hotel hat yai songkhla thailand
centra by centara maris resort jomtien pattaya chon buri thailand
xian 7 sages bell tower youth hostel xian shaanxi china
goan imperial holidays goa goa india
flower guest house hualien hualien taiwan
oyo rooms huda city center market district new delhi and ncr delhi national territory india
vienna international hangzhou xiasha hotel hangzhou zhejiang china
pandaree hua hin hua hin cha am prachuap khiri khan thailand
yucheng hostel liuqiu pingtung taiwan
cygnets secret garden bed breakfast huon valley tasmania australia
legreen suite kuningan jakarta dki jakarta indonesia
hotel triunfo granada granada andalusia spain
miyahama grand hotel hiroshima hiroshima japan
tancredi bed and breakfast pietermaritzburg kwazulu natal south africa
hotel sealuck pal yaizu shizuoka shizuoka japan
hotel sealuck pal kofu yamanashi yamanashi japan
napalai pool villa resort pattaya chon buri thailand
greentree inn henan luoyang qingdao road shanghai market express hotel luoyang henan china
takeo onsen heights saga saga japan
hotel sealuck pal takasaki gunma gunma japan
kimseng thai hotel phnom penh phnom p nh cambodia
563 residency new delhi and ncr delhi national territory india
crown angkor hotel resort and spa siem reap siem reap cambodia
hotel sealuck pal utsunomiya tochigi tochigi japan
espace holiday homes dubai marina dubai dubai united arab emirates
hampton inn albany western ave university area albany ny new york united states
bacchus kofu guest house yamanashi yamanashi japan
himalayan inn pattaya chon buri thailand
a o k ln hauptbahnhof cologne north rhine westphalia germany
kaiserdom hotel guangzhou huangshidong road branch guangzhou guangdong china
the gandhi international jodhpur rajasthan india
kaiserdom hotel guangzhou taojin road branch guangzhou guangdong china
v resorts kullu manali himachal pradesh india
v resorts dhampur corbett uttarakhand india
funabashi grand sauna and capsule hotel male only chiba tokyo japan
sea sun view resort pattaya chon buri thailand
monmhai resort hua hin cha am prachuap khiri khan thailand
selected tlv dizengoff 238 tel aviv tel aviv israel
selected tlv harav kuk 11 tel aviv tel aviv israel
selected tlv rothschild 106 tel aviv tel aviv israel
selected tlv hakovshim 15 tel aviv tel aviv israel
hotel shri giriraj palace jaisalmer rajasthan india
selected tlv israels 17 tel aviv tel aviv israel
nagasaki house burabura nagasaki nagasaki japan
coconut garden hotel and restaurant yala moneragala sri lanka
smilehomestay sankampaeng chiang mai chiang mai thailand
absolute bosch guesthouse stellenbosch western cape south africa
selected tlv hayarkon 35 tel aviv tel aviv israel
elite marmara bosphorus suites istanbul istanbul istanbul turkey
selected tlv geula 41 tel aviv tel aviv israel
selected tlv yehezkel 3 tel aviv tel aviv israel
selected tlv yirmiyahu 40 tel aviv tel aviv israel
a o berlin kolumbus berlin berlin germany
haikou yuezhuang hot spring hotel haikou hainan china
sputnik hostel and personal space moscow moskva russia
suzahomestay kota kinabalu kota kinabalu sabah malaysia
138 marine beachfront guesthouse hermanus western cape south africa
hotel green plaza hakuba nagano nagano japan
haon no yado kuroshio hyogo hyogo japan
villa on the beach mount fuji shizuoka japan
l7 myeongdong by lotte seoul seoul special city south korea
lotte city hotel myeongdong seoul seoul special city south korea
sydney hotel cbd sydney new south wales australia
ryokan sansuien yamaguchi yamaguchi japan
offshore 1 hotel vung tau vung tau ba ria vung tau vietnam
wannee pachok resort pattaya chon buri thailand
zhotel shanghai north sichuan road shanghai shanghai china
de rhu beach resort kuantan pahang malaysia
offshore 3 hotel and apartment vung tau ba ria vung tau vietnam
carolina hotel samosir north sumatera indonesia
emu bay stay kangaroo island south australia australia
muong thanh luxury nhat le hotel dong hoi quang binh quang binh vietnam
dat hotel ho chi minh city ho chi minh vietnam
hotel hill palace new delhi and ncr delhi national territory india
econo lodge inn and suites williamstown wv west virginia united states
quality inn spring mills martinsburg north falling waters falling waters wv west virginia united states
sleep inn and suites parkersburg parkersburg wv west virginia united states
quality inn sturtevant wi wisconsin united states
rodeway inn belgium wisconsin united states
econo lodge river falls wi wisconsin united states
quality inn wausau wausau wi wisconsin united states
econo lodge ellensburg near university ellensburg ellensburg wa washington united states
quality inn and suites tacoma seattle tacoma tacoma wa washington united states
quality inn and suites exmore va virginia united states
comfort inn williamsburg gateway williamsburg va virginia united states
econo lodge saint george hotel st george ut utah united states
comfort inn and suites pharr pharr tx texas united states
comfort inn plano tx texas united states
clarion inn lake jackson tx texas united states
comfort suites hotel mesquite mesquite tx texas united states
clarion suites near the woodlands shenandoah shenandoah tx texas united states
rodeway inn and suites antioch antioch tn tennessee united states
rodeway inn and suites dickson tn tennessee united states
quality inn manchester manchester tn tennessee united states
alegria an ascend hotel collection member simpson bay simpson bay sint maarten sint maarten netherlands
quality inn and suites titusville titusville pa pennsylvania united states
econo lodge inn and suites central medford or oregon united states
quality inn tahlequah tahlequah ok oklahoma united states
comfort inn and suites woodward woodward ok oklahoma united states
sleep inn and suites blackwell ok oklahoma united states
comfort inn oklahoma city south i240 oklahoma city oklahoma city ok oklahoma united states
comfort suites hotel hartville uniontown oh ohio united states
quality inn hotel grove city grove city oh ohio united states
comfort inn and suites eastgate cincinnati cincinnati oh ohio united states
the giacomo an ascend hotel collection member niagara falls ny new york united states
rodeway inn near jfk airport new york ny new york united states
cambria hotel and suites new york times square new york ny new york united states
sleep inn and suites carlsbad carlsbad nm new mexico united states
comfort inn and suites artesia artesia nm new mexico united states
quality inn and suites hobbs hobbs nm new mexico united states
comfort suites roswell nm new mexico united states
comfort inn and suites los alamos nm new mexico united states
quality suites albuquerque nm new mexico united states
econo lodge seaside heights toms river east seaside heights nj new jersey united states
the peacock inn an ascend hotel collection member princeton nj new jersey united states
quality suites tinton falls tinton falls nj new jersey united states
comfort inn and suites hotel paramus paramus nj new jersey united states
quality inn east windsor east windsor nj new jersey united states
the port inn an ascend hotel collection member portsmouth portsmouth nh new hampshire united states
econo lodge inn and suites west omaha ne nebraska united states
comfort inn hotel hastings hastings ne nebraska united states
comfort suites hotel minot minot nd north dakota united states
quality suites hotel fargo fargo nd north dakota united states
quality inn west acres fargo nd north dakota united states
quality inn and suites university boone nc north carolina united states
econo lodge wade fayetteville north wade north carolina united states
comfort inn mount airy mount airy nc north carolina united states
quality inn and suites thomasville thomasville nc north carolina united states
sleep inn and suites at concord mills concord nc north carolina united states
comfort inn queretaro queretaro queretaro de arteaga mexico
comfort inn monterrey norte monterrey nuevo leon mexico
comfort inn cd de mexico santa fe mexico city federal district mexico
quality inn and suites saltillo eurotel saltillo saltillo coahuila de zaragoza mexico
quality inn aguascalientes aguascalientes aguascalientes aguascalientes mexico
comfort inn cordoba cordoba cordoba veracruz llave mexico
comfort inn and suites market airport great falls mt montana united states
comfort inn st louis westport saint louis saint louis mo missouri united states
comfort inn and suites springfield springfield mo missouri united states
quality inn on the strip branson mo united states
quality inn and suites arden hills saint paul north arden hills mn minnesota united states
quality inn and suites niles niles mi michigan united states
quality inn and suites horse cave horse cave ky kentucky united states
comfort inn and suites overland park kansas city south overland park ks kansas united states
econo lodge inn and suites i35 at shawnee mission overland park overland park ks kansas united states
econo lodge at wanamaker topeka topeka ks kansas united states
quality inn and suites moline moline il illinois united states
quality inn hoffman estates schaumburg chicago il illinois united states
quality inn and suites coeur d alene coeur d alene id idaho united states
comfort inn altoona altoona ia iowa united states
sleep inn and suites ames ames ia iowa united states
comfort inn wethersfield hartford wethersfield ct connecticut united states
comfort inn hotel estes park estes park co colorado united states
comfort inn and suites edmonton international airport nisku nisku ab alberta canada
quality hotel hamilton on ontario canada
comfort inn and suites airport north calgary calgary ab alberta canada
hidden valley resort an ascend hotel collection member huntsville on ontario canada
quality inn and suites pe trudeau airport montreal montreal qc quebec canada
comfort inn and suites virden virden mb manitoba canada
chateau saint john and suites an ascend hotel collection member saint john nb new brunswick canada
quality drumheller hotel drumheller ab alberta canada
clarion hotel and conference centre medicine hat ab alberta canada
comfort inn hotel owen sound owen sound on ontario canada
comfort inn newmarket newmarket ontario canada
comfort inn kirkland lake kirkland lake ontario canada
comfort inn hotel belleville belleville on ontario canada
rodeway inn and suites twentynine palms twentynine palms ca california united states
quality inn and suites oceanside near camp pendleton oceanside oceanside ca california united states
gaia hotel and spa redding an ascend hotel collection member anderson anderson ca california united states
quality inn needles needles ca california united states
comfort suites redding shasta lake redding ca california united states
quality inn and suites yuma yuma az arizona united states
sleep inn and suites page page az arizona united states
quality inn and suites hotel mesa mesa az arizona united states
lanta orange house koh lanta krabi thailand
grand supicha city hotel phuket phuket thailand
comfort inn west phoenix az united states
inn at the mill an ascend hotel collection member springdale ar arkansas united states
quality inn montgomery south montgomery al alabama united states
kama siri koh kood guesthouse koh kood trat thailand
grand heights rakunan kyoto kyoto japan
comfort house balikpapan east kalimantan indonesia
hotel shirakabaso shigakogen nagano nagano japan
ban suan mee sakul resort pattaya chon buri thailand
hk villa bali bali bali indonesia
shenzhen tianhua youth apartment shenzhen guangdong china
wewa addara guest house yala moneragala sri lanka
the blue abyss resort cebu cebu philippines
desaru tunamaya beach and spa resort desaru johor malaysia
thailand guesthouse chiang mai chiang mai thailand
kandy hostel by backpack lanka kandy kandy sri lanka
tee hut resort chonburi chon buri thailand
nase lodge lautoka western fiji
mt batimalu lodge lautoka western fiji
villa 88 nimman chiang mai chiang mai chiang mai thailand
seven corals guest house at maafushi maldives islands maldives maldives
haeundae bluefish guesthouse busan busan city south korea
hotel the jk nehru place new delhi and ncr delhi national territory india
greentree inn shandong weihai rushan century avenue express hotel weihai shandong china
yanguan ancient town kaiyuan jiaxing zhejiang china
taman teratai hotel puncak west java indonesia
mazi design hotel by kalima phuket phuket thailand
core hotel benoa bali bali indonesia
reddoorz budget guntur raya setiabudi jakarta dki jakarta indonesia
runan apartment sanya sanya hainan china
hotel deep palace udaipur rajasthan india
kaihua international hotel quzhou zhejiang china
radisson blu shanghai pudong jinqiao shanghai shanghai china
drum fang b b kaohsiung kaohsiung city taiwan
shiva home stay new delhi and ncr delhi national territory india
khalifah hotel palembang south sumatera indonesia
hotel bharani kanyakumari tamil nadu india
hotel sri devi kanyakumari tamil nadu india
ocean voyage hotel tangalle hambantota sri lanka
bunka hostel tokyo tokyo tokyo japan
vedanta wake up arapalayam bus stand madurai tamil nadu india
greentree inn shanghai kangqiao industrial zone jinxiu road business hotel shanghai shanghai china
lanta harmony houses koh lanta krabi thailand
bevary holiday home anuradhapura anuradhapura sri lanka
hotel jaiswal tower orai uttar pradesh india
white orchid resort mysore karnataka india
the caddy shack inn pattaya chon buri thailand
lumbini lagoon unawatuna galle sri lanka
berlay backpackers and dormitel inn davao city davao del sur philippineshotel krishna palace udaipur rajasthan india
casa de balangan by exotiq villa holidays bali bali indonesia
the royal oak hotel mavalli karnataka india
genting hotel resorts world birmingham birmingham nec birmingham west midlands england united kingdom
j p cottage mahabaleshwar maharashtra india
the garden b and b hokitika west coast new zealand
yoshinotei nagano nagano japan
edge of the bay resort coles bay freycinet tasmania australia
kounso ryokan mount fuji shizuoka japan
kadek nadhi guest house bali bali indonesia
ibusuki phoenix hotel ibusuki kagoshima japan
hotel nikko tachikawa tokyo tokyo tokyo japan
ryokan mount bandai fukushima fukushima japan
7 days inn sanya yingbin road sea view branch sanya hainan china
hotel windsor seoul seoul special city south korea
lima satu resort lombok west nusa tenggara indonesia
umi no hotel isaba ryokan mount fuji shizuoka japan
la meli villas bali bali indonesia
arjuna townhouse bali bali indonesia
abian harmony resort hotel and spa bali bali indonesia
merpati guest house banjarmasin south kalimantan indonesia
fun time hostel chiayi chiayi city taiwan
baan pimpisa pattaya chon buri thailand
love kush hotel udaipur rajasthan india
hotel neelam palace udaipur rajasthan india
paskon boutique resort prachuap khiri khan prachuap khiri khan thailand
boken kazoku hostel niseko hokkaido japan
soraedang pension gyeongju si gyeongsangbuk south korea
hotel pannadhay palace udaipur rajasthan india
nine hours sendai miyagi miyagi japan
hotel raj shree palace udaipur rajasthan india
hotel the designers dongdaemun seoul seoul special city south korea
ryokan kinranso hanayama fukushima fukushima japan
guest house motohirotei hiroshima hiroshima japan
tsumikusa no yado komatsu ryokan kagoshima kagoshima japan
happy guesthouse siem reap siem reap cambodia
brownie bed and breakfast yilan yilan taiwan
alila seminyak bali bali indonesia
avenue beach hotel pattaya chon buri thailand
pension mountain jam niseko hokkaido japan
chollada inn kamala phuket phuket thailand
blue bay lodge west coast western cape south africa
nagoya backpackers hostel ann nagoya aichi japan
rantung beach bar and cottage sumbawa west nusa tenggara indonesia
hotel the archi udaipur rajasthan india
kitami hotel kurobe kitami hokkaido japan
marina motel nampodong busan busan city south korea
cottage yuyu furano biei hokkaido japan
thikana boutique bed and breakfast delhi new delhi and ncr delhi national territory india
the pier hostel samui surat thani thailand
taragon residences kuala lumpur kuala lumpur malaysia
lodge shivaguru comforts mysore karnataka india
delight hotels royal lachen lachen sikkim india
delight hotels the touristo pelling sikkim india
hotel chevron brigade bangalore karnataka india
cliff and clouds hotel hua hin cha am prachuap khiri khan thailand
chenang lodge motel langkawi kedah malaysia
via limehouse hostel london london england united kingdom
malden 2 bedroom apartment london london england united kingdom
sidmouth 2 bedroom apartment london london england united kingdom
cobourg 1 bedroom apartment london london england united kingdom
andrassy way 2 bedroom apartment budapest budapest hungary
apartment chaofa west on the pond phuket phuket thailand
hotel star rewa madhya pradesh india
nai suan bed and breakfast chiang rai chiang rai thailand
villa jungle unawatuna galle sri lanka
far home atocha madrid madrid spain
maylaka hotel biliran biliran philippines
plettenberg bay villa plettenberg bay western cape south africa
shimabettei hirohamasou mie mie japan
belmont hotel manila manila metro manila philippines
tsukikusaan holiday rentals kyoto kyoto japan
minshuku marusei hyogo hyogo japan
adel guest house malang east java indonesia
de sarann residence siem reap siem reap cambodia
verde view villas puerto galera mindoro oriental philippines
kemlex apartment cebu cebu philippines
hana serviced apartment bac ninh bac ninh vietnam
moon fools hostel bohol bohol philippines
metro house surabaya east java indonesia
preah vihear jaya hotel cheom ksan preah vihear preah vihear cambodia
baan bm hua hin hua hin cha am prachuap khiri khan thailand
ngoc duy hotel mui ne phan thiet binh thuan vietnam
phu hiep guest house hue thua thien hue vietnam
hotel arvind jodhpur rajasthan india
heng heng guesthouse and restaurant i kratie kratie cambodia
the oak unisuites apartment kuala lumpur kuala lumpur malaysia
marina express aviator phuket airport phuket phuket thailand
new 2br camella northpoint davao davao city davao del sur philippines
new 3br camella northpoint davao davao city davao del sur philippines
new studio camella northpoint davao davao city davao del sur philippines
rompo mansion bangkok bangkok thailand
akasadua villa bali bali indonesia
bgc boutique hostel and dorm inc manila metro manila philippines
vythiri village resort wayanad kerala india
le stanley hotel et suites noumea south new caledonia
the ravenala attitude hotel mauritius island mauritius island mauritius
villa alea ungasan bali bali indonesia
yanahita villa mauritius island mauritius island mauritius
golden lotus suites jeddah makkah saudi arabia
crystal sarovar premiere agra uttar pradesh india
water reflection bed and breakfast tainan tainan city taiwan
tivoli garden residences condotel manila metro manila philippines
tivoli garden residence manila metro manila philippines
kuro travellers inn penghu penghu taiwan
picnic hotel bangkok bangkok bangkok thailand
puerto galera apartment puerto galera mindoro oriental philippines
holiday guesthouse battambang battambang cambodia
star hostel insadong seoul seoul special city south korea
moon asia hotel siem reap siem reap cambodia
the sintesa jimbaran bali bali bali indonesia
huaxieng residence by mylaohome luang prabang louangphabang laos
uddhav vilas hotel udaipur rajasthan india
we six hotel geoje si gyeongsangnam south korea
hotel sunder udaipur rajasthan india
lords guest lodge mcgregor mcgregor eastern cape south africa
hotel manwar udaipur rajasthan india
hotel kiran shri udaipur rajasthan india
villa white bali bali indonesia